{"access_token": "ya29.Glv7BdyDsMWzUky0uFBTr7OX-Pad0kWTwWapKlvfw9bZLUCTmAJyIcJz6myhLc6iIJQ4iTm_qATEisSbQqXa3lU8AEa4cWxb7gXjgiFbh46LlmUMwkbN1vXaLl-A", "client_id": "267086801037-vf5f2ujbi1vmhsdhmmcl2473fduroe5k.apps.googleusercontent.com", "client_secret": "DSi8pbRGqRe6WnXsZsDgOExT", "refresh_token": "1/lJgVN-BA3BCGlTAQyT_QIDn1RyE8jymmMVPbTYCJG_wvgvKfNZdXNokxazik0Ysp", "token_expiry": "2018-07-17T11:23:55Z", "token_uri": "https://accounts.google.com/o/oauth2/token", "user_agent": null, "revoke_uri": "https://accounts.google.com/o/oauth2/revoke", "id_token": null, "id_token_jwt": null, "token_response": {"access_token": "ya29.Glv7BdyDsMWzUky0uFBTr7OX-Pad0kWTwWapKlvfw9bZLUCTmAJyIcJz6myhLc6iIJQ4iTm_qATEisSbQqXa3lU8AEa4cWxb7gXjgiFbh46LlmUMwkbN1vXaLl-A", "expires_in": 3600, "token_type": "Bearer"}, "scopes": ["https://www.googleapis.com/auth/youtube.upload"], "token_info_uri": "https://www.googleapis.com/oauth2/v3/tokeninfo", "invalid": false, "_class": "OAuth2Credentials", "_module": "oauth2client.client"}